correct_sentence,incorrect_sentences
බල්ලා ගෙදර දුවනවා.,ගෙදර බල්ලා දුවනවා
ළමයි පාසලේ ඉගෙනගන්නවා.,ළමයි ඉගෙනගන්නවා පාසලේ
ගුරුවරයා පොත කියවනවා.,කියවනවා පොත ගුරුවරයා
මම බත් කනවා.,මම කනවා බත්
ඇය තේ බොනවා.,ඇය බොනවා තේ
හිරු උදේ නැගෙනහිරින් උදාවෙනවා.,හිරු උදේ උදාවෙනවා නැගෙනහිරින්
වැස්ස නිසා ළමයි පාසලට ගියේ නැහැ.,ළමයි නිසා වැස්ස පාසලට ගියේ නැහැ
සීයා කතාවක් කියනවා.,සීයා කියනවා කතාවක්
අපි හෙට නුවර යනවා.,අපි හෙට යනවා නුවර
ගොවියා කුඹුරේ වැඩ කරනවා.,කුඹුරේ ගොවියා වැඩ කරනවා
මල් පිපී තිබෙනවා.,තිබෙනවා පිපී මල්
කුරුල්ලෝ අහසේ පියාඹනවා.,අහසේ කුරුල්ලෝ පියාඹනවා
මුහුද ලස්සනයි.,ලස්සනයි මුහුද
රජය නව නීති ගෙනාවා.,රජය නීති නව ගෙනාවා
තරුණයන් රටේ අනාගතය වෙනස් කරනවා.,තරුණයන් වෙනස් අනාගතය රටේ කරනවා
මම පොතක් ලියනවා.,පොතක් මම ලියනවා
ඔයා මොකද කරන්නේ?,ඔයා කරන්නේ? මොකද
ඔහු ගීතයක් ගායනා කරනවා.,ගීතයක් ඔහු ගායනා කරනවා
ඇය පින්තූරයක් අඳිනවා.,පින්තූරයක් ඇය අඳිනවා
අපි සිනමා බලන්න යනවා.,අපි සිනමා යනවා බලන්න
ඔවුන් ක්‍රීඩා කරනවා.,ඔවුන් කරනවා ක්\u200dරීඩා
බස් එක එනවා.,එක බස් එනවා
දුම්රිය පිටත් වෙනවා.,දුම්රිය වෙනවා පිටත්
ගුවන් යානය අහසේ පියාඹනවා.,ගුවන් පියාඹනවා අහසේ යානය
මම හෙට එන්නම්.,එන්නම් හෙට මම
ඔයා අද එනවද?,අද ඔයා එනවද?
ඔහු ඊයේ ආවා.,ඊයේ ඔහු ආවා
ඇය හෙට යනවා.,හෙට ඇය යනවා
අපි සතියකින් එනවා.,අපි එනවා සතියකින්
ඔවුන් මාසයකින් එනවා.,මාසයකින් ඔවුන් එනවා
ගස උසයි.,උසයි ගස
මල් ලස්සනයි.,ලස්සනයි මල්
නිවස ලොකුයි.,ලොකුයි නිවස
කාර් එක වේගයෙන් යනවා.,වේගයෙන් එක කාර් යනවා
බයිසිකලය සෙමින් යනවා.,යනවා සෙමින් බයිසිකලය
මම පාන් කනවා.,පාන් මම කනවා
ඔයා කෝපි බොනවද?,කෝපි ඔයා බොනවද?
ඔහු තේ බොන්න කැමතියි.,කැමතියි තේ බොන්න ඔහු
ඇය කේක් හදනවා.,හදනවා කේක් ඇය
අපි චිත්‍රපටියක් බලමු.,චිත්\u200dරපටියක් අපි බලමු
ඔවුන් ගීත අහනවා.,අහනවා ගීත ඔවුන්
මම ගෙදර ඉන්නවා.,ගෙදර මම ඉන්නවා
ඔයා කොහෙද ඉන්නේ?,ඉන්නේ? කොහෙද ඔයා
ඔහු පාසලේ ඉන්නවා.,ඉන්නවා පාසලේ ඔහු
ඇය කාර්යාලයේ ඉන්නවා.,කාර්යාලයේ ඇය ඉන්නවා
අපි නුවර ඉන්නවා.,නුවර අපි ඉන්නවා
ඔවුන් කොළඹ ඉන්නවා.,ඔවුන් ඉන්නවා කොළඹ
මම පොතක් කියවන්න කැමතියි.,පොතක් මම කියවන්න කැමතියි
ඔයා මොනවද කරන්නේ?,මොනවද ඔයා කරන්නේ?
ඔහු ක්‍රිකට් සෙල්ලම් කරනවා.,ක්\u200dරිකට් ඔහු සෙල්ලම් කරනවා
ඇය නර්තනය කරනවා.,නර්තනය ඇය කරනවා
අපි සංචාරය කරනවා.,සංචාරය අපි කරනවා
ඔවුන් සාප්පු යනවා.,යනවා සාප්පු ඔවුන්
මම හෙට වැඩට යනවා.,වැඩට හෙට මම යනවා
ඔයා අද වැඩට යනවද?,ඔයා යනවද? වැඩට අද
ඔහු ඊයේ වැඩට ගියා.,ගියා ඊයේ වැඩට ඔහු
ඇය හෙට නිවාඩු ගන්නවා.,ඇය ගන්නවා නිවාඩු හෙට
අපි සතියකින් ආපහු එනවා.,අපි සතියකින් ආපයි එනවා
ඔවුන් මාසයකින් විදේශගත වෙනවා.,ඔවුන් වෙනවා විදේශගත මාසයකින්
මම උදේ නැගිටිනවා.,මම නැගිටිනවා උදේ
ඔයා රෑට නිදාගන්නවා.,නිදාගන්නවා රෑට ඔයා
ඔහු දවල්ට කනවා.,ඔයි දවල්ට කනවා
ඇය සවස තේ බොනවා.,ඇය සවස බොනවා තේ
අපි සති අන්තයේ විනෝද වෙනවා.,අපි සති අන්තයේ වෙනවා විනෝද
ඔවුන් නිවාඩුවක් ගත කරනවා.,නිවාඩුවක් ඔවුන් ගත කරනවා
මම ගීතයක් අහනවා.,මම අහනවා ගීතයක්
ඔයා චිත්‍රපටියක් බලනවද?,චිත්\u200dරපටියක් ඔයා බලනවද?
ඔහු ක්‍රීඩාවක් කරනවා.,ඔහු කරනවා ක්\u200dරීඩාවක්
ඇය පොතක් කියවනවා.,කියවනවා පොතක් ඇය
අපි ගමනක් යනවා.,ගමනක් අපි යනවා
ඔවුන් සාප්පුවකට යනවා.,යනවා සාප්පුවකට ඔවුන්
මම පෑනකින් ලියනවා.,ලියනවා පෑනකින් මම
ඔයා පැන්සලකින් අඳිනවද?,පැන්සලකින් ඔයා අඳිනවද?
ඔහු බුරුසුවකින් පාට කරනවා.,ඔහු කරනවා පාට බුරුසුවකින්
ඇය කතුරකින් කපනවා.,කතුරකින් ඇය කපනවා
අපි පිහියකින් කපනවා.,පිහියකින් අපි කපනවා
ඔවුන් හැන්දකින් කනවා.,හැන්දකින් ඔවුන් කනවා
මම බස් එකේ යනවා.,යනවා බස් එකේ මම
ඔයා දුම්රියෙන් යනවද?,දුම්රියෙන් ඔයා යනවද?
ඔහු කාර් එකෙන් යනවා.,ඔහි කාර් එකෙන් යනවා
ඇය බයිසිකලයෙන් යනවා.,ඇය යනවා බයිසිකලයෙන්
අපි පයින් යනවා.,පයින් අපි යනවා
ඔවුන් ගුවන් යානයෙන් යනවා.,ඔවුන් යනවා යානයෙන් ගුවන්
මම පොත් කියවන්න කැමතියි.,කියවන්න පොත් මම කැමතියි
ඔයා චිත්‍ර අඳින්න කැමතිද?,ඔයා චිත්\u200dර කැමතිද? අඳින්න
ඔහු සංගීතයට කැමතියි.,සංගීතයට ඔහු කැමතියි
ඇය නර්තනයට කැමතියි.,නර්තනයට ඇය කැමතියි
අපි ක්‍රීඩාවට කැමතියි.,ක්\u200dරීඩාවට අපි කැමතියි
ඔවුන් සිනමාවට කැමතියි.,ඔවුන් කැමතියි සිනමාවට
මම උදේට තේ බොනවා.,බොනවා උදේට තේ මම
ඔයා දවල්ට බත් කනවද?,ඔයා බත් දවල්ට කනවද?
ඔහු රෑට කනවා.,රෑට ඔහු කනවා
ඇය සවස කෝපි බොනවා.,කෝපි සවස ඇය බොනවා
අපි සති අන්තයේ විවේක ගන්නවා.,අපි සහු අන්තයේ විවේක ගන්නවා
ඔවුන් නිවාඩුවක් ගත කරනවා.,ගත නිවාඩුවක් ඔවුන් කරනවා
මම මිතුරන් සමඟ කතා කරනවා.,කරනවා මිතුරන් සමඟ කතා මම
ඔයා පවුලේ අය සමඟ ඉන්නවද?,ඔයා ඉන්නවද? අය සමඟ පවුලේ
ඔහු වැඩට යනවා.,වැඩට ඔහු යනවා
ඇය සාප්පුවට යනවා.,සාප්පුවට ඇය යනවා
අපි පාසලට යනවා.,පාසලට අපි යනවා
ඔවුන් ගෙදර එනවා.,ඔවුන් එනවා ගෙදර
මම පොතක් මිලදී ගන්නවා.,මම මිලදී පොතක් ගන්නවා
ඔයා පෑනක් ගන්නවද?,ගන්නවද? පෑනක් ඔයා
ඔහු කෑම උයනවා.,ඔහි කෑම උයනවා
ඇය ඇඳුම් මහනවා.,මහනවා ඇඳුම් ඇය
අපි ගෙවල් හදනවා.,ගෙවල් අපි හදනවා
ඔවුන් වාහන පදවනවා.,වාහන ඔවුන් පදවනවා
මම ගහක් සිටවනවා.,සිටවනවා ගහක් මම
ඔයා මල් වවනවද?,ඔයා වවනවද? මල්
ඔහු සතුන්ට කෑම දෙනවා.,දෙනවා සතුන්ට කෑම ඔහු
ඇය කුරුල්ලන්ට කෑම දෙනවා.,කුරුල්ලන්ට ඇය කෑම දෙනවා
අපි සත්තු වත්තට යනවා.,අපි සත්තු යනවා වත්තට
ඔවුන් කෞතුකාගාරයට යනවා.,ඔවුන් යනවා කෞතුකාගාරයට
මම පාර දිගේ ඇවිදිනවා.,ඇවිදිනවා පාර දිගේ මම
ඔයා බස් නැවතුමට යනවද?,යනවද? බස් නැවතුමට ඔයා
ඔහු දුම්රිය ස්ථානයට යනවා.,යනවා දුම්රිය ස්ථානයට ඔහු
ඇය ගුවන් තොටුපළට යනවා.,තොටුපළට ගුවන් ඇය යනවා
අපි මුහුදු වෙරළට යනවා.,මුහුදු අපි වෙරළට යනවා
ඔවුන් කඳු නගිනවා.,කඳු ඔවුන් නගිනවා
මම ගඟේ නානවා.,නානවා ගඟේ මම
ඔයා වැව ළඟ ඉන්නවද?,ළඟ වැව ඔයා ඉන්නවද?
ඔහු කන්ද උඩ ඉන්නවා.,උඩ කන්ද ඔහු ඉන්නවා
ඇය වනාන්තරයේ ඇවිදිනවා.,ඇය ඇවිදිනවා වනාන්තරයේ
අපි ගොවිපොළට යනවා.,අපි යනවා ගොවිපොළට
ඔවුන් නගරයේ ජීවත් වෙනවා.,ජීවත් නගරයේ ඔවුන් වෙනවා
මම ගමේ ජීවත් වෙනවා.,මම වෙනවා ජීවත් ගමේ
ඔයා නගරයට යනවද?,යනවද? නගරයට ඔයා
ඔහු ගමට එනවා.,එනවා ගමට ඔහු
ඇය පාසලට යනවා.,යනවා පාසලට ඇය
අපි පන්සලට යනවා.,අපි යනවා පන්සලට
ඔවුන් පල්ලියට යනවා.,යනවා පල්ලියට ඔවුන්
මම පින්තූරයක් බලනවා.,මම බලනවා පින්තූරයක්
ඔයා වීඩියෝ එකක් බලනවද?,එකක් වීඩියෝ ඔයා බලනවද?
ඔහු රූපවාහිනිය බලනවා.,රූපවාහිනිය ඔහු බලනවා
ඇය ගුවන් විදුලියට සවන් දෙනවා.,ගුවන් ඇය විදුලියට සවන් දෙනවා
අපි සංගීත භාණ්ඩ වාදනය කරනවා.,අපි වාදනය භාණ්ඩ සංගීත කරනවා
ඔවුන් නාට්‍ය බලනවා.,නාට්\u200dය ඔවුන් බලනවා
මම කතාවක් ලියනවා.,මම ලියනවා කතාවක්
ඔයා කවි ලියනවද?,ඔයා ලියනවද? කවි
ඔහු නවකතාවක් ලියනවා.,ඔහු ලියනවා නවකතාවක්
ඇය ලිපියක් ලියනවා.,ලිපියක් ඇය ලියනවා
අපි වාර්තාවක් ලියනවා.,වාර්තාවක් අපි ලියනවා
ඔවුන් පුවත්පතක් කියවනවා.,පුවත්පතක් ඔවුන් කියවනවා
මම දුරකථනයෙන් කතා කරනවා.,මම කතා දුරකථනයෙන් කරනවා
ඔයා පරිගණකයක් පාවිච්චි කරනවද?,කරනවද? පරිගණකයක් පාවිච්චි ඔයා
ඔහු අන්තර්ජාලය පාවිච්චි කරනවා.,ඔයෙහි අන්තර්ජාලය පාවිච්චි කරනවා
ඇය ඊමේල් යවනවා.,ඊමේල් ඇය යවනවා
අපි රැස්වීමකට යනවා.,රැස්වීමකට අපි යනවා
ඔවුන් සාකච්ඡාවක් කරනවා.,ඔවුන් කරනවා සාකච්ඡාවක්
මම ප්‍රශ්නයකට පිළිතුරු දෙනවා.,මම පිළිතුරු ප්\u200dරශ්නයකට දෙනවා
ඔයා උත්තරය දන්නවද?,ඔයා දන්නවද? උත්තරය
ඔහු ගණන් හදනවා.,ඔහු හදනවා ගණන්
ඇය විද්‍යාව ඉගෙනගන්නවා.,ඉගෙනගන්නවා විද්\u200dයාව ඇය
අපි ඉතිහාසය ඉගෙනගන්නවා.,අපි ඉගෙනගන්නවා ඉතිහාසය
ඔවුන් භූගෝල විද්‍යාව ඉගෙනගන්නවා.,ඔවුන් භූගෝල ඉගෙනගන්නවා විද්\u200dයාව
මම ඉංග්‍රීසි කතා කරනවා.,ඉංග්\u200dරීසි මම කතා කරනවා
ඔයා සිංහල කතා කරනවද?,සිංහල ඔයා කතා කරනවද?
ඔහු දෙමළ කතා කරනවා.,දෙමළ ඔහු කතා කරනවා
ඇය ප්‍රංශ කතා කරනවා.,ඇය කරනවා කතා ප්\u200dරංශ
අපි ජර්මන් කතා කරනවා.,කරනවා ජර්මන් කතා අපි
ඔවුන් චීන කතා කරනවා.,කතා චීන ඔවුන් කරනවා
මම ගමන් යනවා.,යනවා ගමන් මම
ඔයා සංචාරය කරනවද?,කරනවද? සංචාරය ඔයා
ඔහු විදේශගත වෙනවා.,ඔහු වෙනවා විදේශගත
ඇය රට වටා යනවා.,ඇය වටා රට යනවා
අපි ලෝකය වටා යනවා.,යනවා ලෝකය වටා අපි
ඔවුන් අභ්‍යවකාශයට යනවා.,අභ්\u200dයවකාශයට ඔවුන් යනවා
මම සිහිනයක් දකිනවා.,මම දකිනවා සිහිනයක්
ඔයා බියකරු සිහිනයක් දැක්කද?,බියකරු ඔයා සිහිනයක් දැක්කද?
ඔහු හොඳ සිහිනයක් දකිනවා.,ඔති හොඳ සිහිනයක් දකිනවා
ඇය අතීතය ගැන හිතනවා.,අතීතය ඇය ගැන හිතනවා
අපි අනාගතය ගැන කතා කරනවා.,අපි ගැන අනාගතය කතා කරනවා
ඔවුන් වර්තමානය භුක්ති විඳිනවා.,ඔවුන් විඳිනවා භුක්ති වර්තමානය
මම සංගීතයට සවන් දෙනවා.,සංගීතයට මම සවන් දෙනවා
ඔයා ගීත ගායනා කරනවද?,ගීත ඔයා ගායනා කරනවද?
ඔහු නර්තනය කරනවා.,ඔයි නර්තනය කරනවා
ඇය චිත්‍ර අඳිනවා.,අඳිනවා චිත්\u200dර ඇය
අපි ක්‍රීඩා කරනවා.,කරනවා ක්\u200dරීඩා අපි
ඔවුන් සිනමා බලනවා.,බලනවා සිනමා ඔවුන්
මම පොත් කියවනවා.,මම කියවනවා පොත්
ඔයා පත්තර කියවනවද?,පත්තර ඔයා කියවනවද?
ඔහු සඟරා කියවනවා.,කියවනවා සඟරා ඔහු
ඇය කවි ලියනවා.,කවි ඇය ලියනවා
අපි කතා ලියනවා.,කතා අපි ලියනවා
ඔවුන් නවකතා ලියනවා.,ඔවුන් ලියනවා නවකතා
මම උදව් කරනවා.,මම කරනවා උදව්
ඔයා උදව් ඉල්ලනවද?,ඔයා ඉල්ලනවද? උදව්
ඔහු අනුන්ට උදව් කරනවා.,ඔමු අනුන්ට උදව් කරනවා
ඇය දුප්පතුන්ට උදව් කරනවා.,ඇය දුප්පතුන්ට කරනවා උදව්
අපි රටට උදව් කරනවා.,අපි රටට කරනවා උදව්
ඔවුන් ලෝකයට උදව් කරනවා.,ඔවුන් කරනවා උදව් ලෝකයට
මම ප්‍රේම කරනවා.,ප්\u200dරේම මම කරනවා
ඔයා ආදරය කරනවද?,ඔයා කරනවද? ආදරය
ඔහු ඇයට ආදරය කරනවා.,ඔති ඇයට ආදරය කරනවා
ඇය ඔහුට ආදරය කරනවා.,ඇය ඔහුට කරනවා ආදරය
අපි එකිනෙකාට ආදරය කරනවා.,ආදරය එකිනෙකාට අපි කරනවා
ඔවුන් සතුන්ට ආදරය කරනවා.,ආදරය සතුන්ට ඔවුන් කරනවා
මම සතුටින් ඉන්නවා.,මම ඉන්නවා සතුටින්
ඔයා දුකින් ඉන්නවද?,දුකින් ඔයා ඉන්නවද?
ඔහු සෞඛ්‍ය සම්පන්නව ඉන්නවා.,ඔහි සෞඛ්\u200dය සම්පන්නව ඉන්නවා
ඇය සාර්ථකව ඉන්නවා.,සාර්ථකව ඇය ඉන්නවා
අපි එකට ඉන්නවා.,අපි ඉන්නවා එකට
ඔවුන් සතුටින් ජීවත් වෙනවා.,ඔවුන් සතුටින් වෙනවා ජීවත්
මම ප්‍රශ්න අහනවා.,මම අහනවා ප්\u200dරශ්න
ඔයා පිළිතුරු දෙනවද?,දෙනවද? පිළිතුරු ඔයා
ඔහු පාඩම් කරනවා.,ඔයි පාඩම් කරනවා
ඇය විභාගයට ලෑස්ති වෙනවා.,ඇය වෙනවා ලෑස්ති විභාගයට
අපි වැඩ කරනවා.,අපි කරනවා වැඩ
ඔවුන් මුදල් උපයනවා.,උපයනවා මුදල් ඔවුන්
මම ගෙයක් හදනවා.,හදනවා ගෙයක් මම
ඔයා කාර් එකක් පදවනවද?,ඔයා කාර් පදවනවද? එකක්
ඔහු බයිසිකලයක් පදවනවා.,ඔහු පදවනවා බයිසිකලයක්
ඇය බස් එකක් පදවනවා.,බස් ඇය එකක් පදවනවා
අපි දුම්රියක් පදවනවා.,දුම්රියක් අපි පදවනවා
ඔවුන් ගුවන් යානයක් පදවනවා.,යානයක් ගුවන් ඔවුන් පදවනවා
මම සිංහල ඉගෙනගන්නවා.,සිංහල මම ඉගෙනගන්නවා
ඔයා ඉංග්‍රීසි ඉගෙනගන්නවද?,ඔයා ඉගෙනගන්නවද? ඉංග්\u200dරීසි
ඔහු දෙමළ ඉගෙනගන්නවා.,ඔයි දෙමළ ඉගෙනගන්නවා
ඇය ප්‍රංශ ඉගෙනගන්නවා.,ප්\u200dරංශ ඇය ඉගෙනගන්නවා
අපි ජපන් ඉගෙනගන්නවා.,අපි ඉගෙනගන්නවා ජපන්
ඔවුන් චීන ඉගෙනගන්නවා.,ඔවුන් ඉගෙනගන්නවා චීන
මම අලුත් දෙයක් ඉගෙනගන්නවා.,ඉගෙනගන්නවා අලුත් දෙයක් මම
ඔයා අභියෝගයකට මුහුණ දෙනවද?,ඔයා මුහුණ අභියෝගයකට දෙනවද?
ඔහු අනාගතය ගැන හිතනවා.,ඔයි අනාගතය ගැන හිතනවා
ඇය අතීතය සිහිපත් කරනවා.,ඇය අතීතය කරනවා සිහිපත්
අපි වර්තමානය භුක්ති විඳිනවා.,අපි වර්තමානය භුක්මි විඳිනවා
ඔවුන් සිහින දකිනවා.,ඔවුන් දකිනවා සිහින
මම බලාපොරොත්තු තියාගන්නවා.,බලාපොරොත්තු මම තියාගන්නවා
ඔයා විශ්වාස කරනවද?,ඔයා කරනවද? විශ්වාස
ඔහු උත්සාහ කරනවා.,ඔමි උත්සාහ කරනවා
ඇය කැපවීමෙන් වැඩ කරනවා.,ඇය වැඩ කැපවීමෙන් කරනවා
අපි සහයෝගයෙන් වැඩ කරනවා.,අපි වැඩ සහයෝගයෙන් කරනවා
ඔවුන් සාමයෙන් ජීවත් වෙනවා.,ජීවත් සාමයෙන් ඔවුන් වෙනවා
මම ලියුමක් ලියනවා.,මම ලියනවා ලියුමක්
ඔයා පණිවිඩයක් යවනවද?,යවනවද? පණිවිඩයක් ඔයා
ඔහු දුරකථන ඇමතුමක් ගන්නවා.,ඔහු ගන්නවා ඇමතුමක් දුරකථන
ඇය ඊමේලයක් ලියනවා.,ඇය ලියනවා ඊමේලයක්
අපි රැස්වීමක් සංවිධානය කරනවා.,අපි කරනවා සංවිධානය රැස්වීමක්
ඔවුන් සාකච්ඡාවක් පවත්වනවා.,පවත්වනවා සාකච්ඡාවක් ඔවුන්
මම අදහස් බෙදාගන්නවා.,බෙදාගන්නවා අදහස් මම
ඔයා ප්‍රශ්න අහනවද?,ඔයා අහනවද? ප්\u200dරශ්න
ඔහු පිළිතුරු සපයනවා.,ඔහි පිළිතුරු සපයනවා
ඇය පැහැදිලි කරනවා.,පැහැදිලි ඇය කරනවා
අපි තොරතුරු සොයනවා.,සොයනවා තොරතුරු අපි
ඔවුන් දැනුම බෙදාගන්නවා.,ඔවුන් බෙදාගන්නවා දැනුම
මම අලුත් දෙයක් නිර්මාණය කරනවා.,මම අලුත් දෙයක් කරනවා නිර්මාණය
ඔයා අලුත් තාක්ෂණය ඉගෙනගන්නවද?,ඔයා තාක්ෂණය අලුත් ඉගෙනගන්නවද?
ඔහු විද්‍යාත්මක පර්යේෂණ කරනවා.,ඔහු කරනවා පර්යේෂණ විද්\u200dයාත්මක
ඇය කලාත්මක නිර්මාණ කරනවා.,කලාත්මක ඇය නිර්මාණ කරනවා
අපි සංස්කෘතිය ආරක්ෂා කරනවා.,අපි ආරක්ෂා සංස්කෘතිය කරනවා
මම වෙළඳසැලට යනවා.,මම යනවා වෙළඳසැලට
ඔයා කඩේට යනවද?,කඩේට ඔයා යනවද?
ඔහු සුපිරි වෙළඳසැලට යනවා.,ඔහු යනවා වෙළඳසැලට සුපිරි
ඇය ඔසුසලට යනවා.,ඔසුසලට ඇය යනවා
අපි බැංකුවට යනවා.,අපි යනවා බැංකුවට
ඔවුන් තැපැල් කාර්යාලයට යනවා.,කාර්යාලයට තැපැල් ඔවුන් යනවා
මම පොලිසියට යනවා.,යනවා පොලිසියට මම
ඔයා රෝහලට යනවද?,යනවද? රෝහලට ඔයා
ඔහු පාසලට යනවා.,යනවා පාසලට ඔහු
ඇය විශ්වවිද්‍යාලයට යනවා.,විශ්වවිද්\u200dයාලයට ඇය යනවා
අපි පන්සලට යනවා.,පන්සලට අපි යනවා
ඔවුන් පල්ලියට යනවා.,යනවා පල්ලියට ඔවුන්
මම මුස්ලිම් පල්ලියට යනවා.,මම යනවා පල්ලියට මුස්ලිම්
ඔයා කෝවිලට යනවද?,කෝවිලට ඔයා යනවද?
ඔහු කෞතුකාගාරයට යනවා.,ඔහු යනවා කෞතුකාගාරයට
ඇය චිත්‍ර ප්‍රදර්ශනයට යනවා.,යනවා චිත්\u200dර ප්\u200dරදර්ශනයට ඇය
අපි සිනමා ශාලාවට යනවා.,අපි ශාලාවට සිනමා යනවා
ඔවුන් රඟහලට යනවා.,රඟහලට ඔවුන් යනවා
මම ක්‍රීඩාංගනයට යනවා.,මම යනවා ක්\u200dරීඩාංගනයට
ඔයා උද්‍යානයට යනවද?,උද්\u200dයානයට ඔයා යනවද?
ඔහු කඳුකරයට යනවා.,ඔයෙහි කඳුකරයට යනවා
ඇය මුහුදු වෙරළට යනවා.,වෙරළට මුහුදු ඇය යනවා
අපි ගඟ ළඟට යනවා.,අපි ගඟ යනවා ළඟට
ඔවුන් වැව ළඟට යනවා.,ඔවුන් වැව යනවා ළඟට
මම වනාන්තරයට යනවා.,මම යනවා වනාන්තරයට
ඔයා ගොවිපොළට යනවද?,ඔයා යනවද? ගොවිපොළට
ඔහු ගෙදරට යනවා.,ඔති ගෙදරට යනවා
ඇය කාර්යාලයට යනවා.,කාර්යාලයට ඇය යනවා
අපි නගරයට යනවා.,යනවා නගරයට අපි
ඔවුන් ගමට යනවා.,ගමට ඔවුන් යනවා
මම සංගීත භාණ්ඩයක් වාදනය කරනවා.,භාණ්ඩයක් සංගීත මම වාදනය කරනවා
ඔයා ගිටාරය වාදනය කරනවද?,කරනවද? ගිටාරය වාදනය ඔයා
ඔහු පියානෝව වාදනය කරනවා.,වාදනය පියානෝව ඔහු කරනවා
ඇය වයලීනය වාදනය කරනවා.,වයලීනය ඇය වාදනය කරනවා
අපි බෙර වාදනය කරනවා.,වාදනය බෙර අපි කරනවා
ඔවුන් හොරණෑව වාදනය කරනවා.,වාදනය හොරණෑව ඔවුන් කරනවා
මම පින්තූරයක් අඳිනවා.,අඳිනවා පින්තූරයක් මම
ඔයා චිත්‍රයක් අඳිනවද?,අඳිනවද? චිත්\u200dරයක් ඔයා
ඔහු භූ දර්ශනයක් අඳිනවා.,ඔහු භූ අඳිනවා දර්ශනයක්
ඇය ආලේඛ්‍ය චිත්‍රයක් අඳිනවා.,අඳිනවා ආලේඛ්\u200dය චිත්\u200dරයක් ඇය
අපි සිතියමක් අඳිනවා.,අඳිනවා සිතියමක් අපි
ඔවුන් ග්‍රැෆිටි අඳිනවා.,ග්\u200dරැෆිටි ඔවුන් අඳිනවා
මම කතාවක් කියවනවා.,කතාවක් මම කියවනවා
ඔයා නවකතාවක් කියවනවද?,ඔයා කියවනවද? නවකතාවක්
ඔහු පුවත්පතක් කියවනවා.,පුවත්පතක් ඔහු කියවනවා
ඇය සඟරාවක් කියවනවා.,කියවනවා සඟරාවක් ඇය
අපි කවි පොතක් කියවනවා.,කියවනවා කවි පොතක් අපි
ඔවුන් ළමා කතා කියවනවා.,ළමා ඔවුන් කතා කියවනවා
මම ලිපියක් ලියනවා.,මම ලියනවා ලිපියක්
ඔයා ඊමේලයක් ලියනවද?,ඔයා ලියනවද? ඊමේලයක්
ඔහු වාර්තාවක් ලියනවා.,ඔහු ලියනවා වාර්තාවක්
ඇය රචනාවක් ලියනවා.,රචනාවක් ඇය ලියනවා
අපි කවියක් ලියනවා.,අපි ලියනවා කවියක්
ඔවුන් ගීතයක් ලියනවා.,ලියනවා ගීතයක් ඔවුන්
මම වැඩ කරනවා.,වැඩ මම කරනවා
ඔයා මොන වැඩද කරන්නේ?,ඔයා කරන්නේ? වැඩද මොන
ඔහු කාර්යාලයේ වැඩ කරනවා.,කරනවා කාර්යාලයේ වැඩ ඔහු
ඇය නිවසේ වැඩ කරනවා.,වැඩ නිවසේ ඇය කරනවා
අපි පාසලේ වැඩ කරනවා.,අපි කරනවා වැඩ පාසලේ
ඔවුන් කර්මාන්ත ශාලාවේ වැඩ කරනවා.,කර්මාන්ත ඔවුන් ශාලාවේ වැඩ කරනවා
මම ඉගෙනගන්නවා.,ඉගෙනගන්නවා මම
ඔයා මොනවද ඉගෙනගන්නේ?,ඉගෙනගන්නේ? මොනවද ඔයා
ඔහු සිංහල ඉගෙනගන්නවා.,ඔයි සිංහල ඉගෙනගන්නවා
ඇය ඉංග්‍රීසි ඉගෙනගන්නවා.,ඉංග්\u200dරීසි ඇය ඉගෙනගන්නවා
අපි පරිගණක විද්‍යාව ඉගෙනගන්නවා.,ඉගෙනගන්නවා පරිගණක විද්\u200dයාව අපි
ඔවුන් වෛද්‍ය විද්‍යාව ඉගෙනගන්නවා.,ඔවුන් වෛද්\u200dය ඉගෙනගන්නවා විද්\u200dයාව
මම කෑම උයනවා.,කෑම මම උයනවා
ඔයා මොනවද උයන්නේ?,මොනවද ඔයා උයන්නේ?
ඔහු බත් උයනවා.,ඔයි බත් උයනවා
ඇය ව්‍යංජන උයනවා.,ව්\u200dයංජන ඇය උයනවා
අපි පාන් උයනවා.,උයනවා පාන් අපි
ඔවුන් කේක් උයනවා.,කේක් ඔවුන් උයනවා
මම ගෙයක් හදනවා.,ගෙයක් මම හදනවා
ඔයා මොනවද හදන්නේ?,මොනවද ඔයා හදන්නේ?
ඔහු පාලමක් හදනවා.,හදනවා පාලමක් ඔහු
ඇය පාරක් හදනවා.,පාරක් ඇය හදනවා
අපි ගොඩනැගිල්ලක් හදනවා.,හදනවා ගොඩනැගිල්ලක් අපි
ඔවුන් හෝටලයක් හදනවා.,හදනවා හෝටලයක් ඔවුන්
මම ගමනක් යනවා.,ගමනක් මම යනවා
ඔයා කොහෙද යන්නේ?,කොහෙද ඔයා යන්නේ?
ඔහු නුවර යනවා.,ඔයි නුවර යනවා
ඇය කොළඹ යනවා.,කොළඹ ඇය යනවා
අපි ගාල්ල යනවා.,යනවා ගාල්ල අපි
ඔවුන් යාපනය යනවා.,යනවා යාපනය ඔවුන්
මම සතුටු වෙනවා.,සතුටු මම වෙනවා
ඔයා සතුටින්ද?,සතුටින්ද? ඔයා
ඔහු දුකින් ඉන්නවා.,ඔති දුකින් ඉන්නවා
ඇය තරහින් ඉන්නවා.,තරහින් ඇය ඉන්නවා
අපි බය වෙලා ඉන්නවා.,වෙලා බය අපි ඉන්නවා
ඔවුන් පුදුම වෙලා ඉන්නවා.,ඔවුන් පුදුම ඉන්නවා වෙලා
මම උදව් ඉල්ලනවා.,මම ඉල්ලනවා උදව්
ඔයා උදව් කරනවද?,කරනවද? උදව් ඔයා
ඔහුට උදව් අවශ්‍යයි.,උදව් ඔහුට අවශ්\u200dයයි
ඇය මට උදව් කළා.,මට ඇය උදව් කළා
අපි එකට වැඩ කරමු.,එකට අපි වැඩ කරමු
ඔවුන් සහයෝගයෙන් කටයුතු කරනවා.,සහයෝගයෙන් ඔවුන් කටයුතු කරනවා
මම පොතක් කියවමි.,පොතක් මම කියවමි
ඔයා චිත්‍රපටිය බලනවද?,බලනවද? චිත්\u200dරපටිය ඔයා
ඔහු ගීතයක් අසයි.,අසයි ගීතයක් ඔහු
ඇය නර්තනය කරයි.,ඇය කරයි නර්තනය
අපි සෙල්ලම් කරමු.,කරමු සෙල්ලම් අපි
ඔවුන් කතා කරයි.,ඔවුන් කරයි කතා
මම ගෙදරට යමි.,ගෙදරට මම යමි
ඔයා පාසලට යනවද?,පාසලට ඔයා යනවද?
ඔහු කඩේට යයි.,යයි කඩේට ඔහු
ඇය පන්සලට යයි.,යයි පන්සලට ඇය
අපි නුවරට යමු.,අපි යමු නුවරට
ඔවුන් කොළඹට යති.,ඔවුන් යති කොළඹට
මම බත් කන්නෙමි.,මම කන්නෙමි බත්
ඔයා තේ බොනවද?,ඔයා බොනවද? තේ
ඔහු කෝපි බොයි.,ඔහි කෝපි බොයි
ඇය කේක් කයි.,ඇය කයි කේක්
අපි පාන් කමු.,කමු පාන් අපි
ඔවුන් පළතුරු කති.,කති පළතුරු ඔවුන්
මම ලියුමක් ලියමි.,මම ලියමි ලියුමක්
ඔයා ඊමේලයක් යවන්නද?,ඊමේලයක් ඔයා යවන්නද?
ඔහු වාර්තාවක් ලියයි.,ඔමු වාර්තාවක් ලියයි
ඇය රචනාවක් ලියයි.,රචනාවක් ඇය ලියයි
අපි කවියක් ලියමු.,අපි ලියමු කවියක්
ඔවුන් නවකතාවක් ලියති.,නවකතාවක් ඔවුන් ලියති
මම සිංහල කතා කරමි.,සිංහල මම කතා කරමි
ඔයා ඉංග්‍රීසි කතා කරනවද?,කතා ඉංග්\u200dරීසි ඔයා කරනවද?
ඔහු දෙමළ කතා කරයි.,ඔයෙහි දෙමළ කතා කරයි
ඇය ප්‍රංශ කතා කරයි.,කතා ප්\u200dරංශ ඇය කරයි
අපි ජර්මන් කතා කරමු.,අපි කරමු කතා ජර්මන්
ඔවුන් චීන කතා කරති.,කරති චීන කතා ඔවුන්
මම ගණන් හදමි.,හදමි ගණන් මම
ඔයා විද්‍යාව ඉගෙනගන්නවද?,ඉගෙනගන්නවද? විද්\u200dයාව ඔයා
ඔහු ඉතිහාසය ඉගෙනගනී.,ඉතිහාසය ඔහු ඉගෙනගනී
ඇය භූගෝල විද්‍යාව ඉගෙනගනී.,ඇය භූගෝල ඉගෙනගනී විද්\u200dයාව
අපි සංගීතය අසමු.,අපි අසමු සංගීතය
ඔවුන් ක්‍රීඩා කරති.,කරති ක්\u200dරීඩා ඔවුන්
මම චිත්‍ර අඳිමි.,අඳිමි චිත්\u200dර මම
ඔයා ගෙවල් හදනවද?,ගෙවල් ඔයා හදනවද?
ඔහු පාලම් හදයි.,ඔමි පාලම් හදයි
ඇය පාරවල් හදයි.,හදයි පාරවල් ඇය
අපි ගොඩනැගිලි හදමු.,හදමු ගොඩනැගිලි අපි
ඔවුන් හෝටල් හදති.,හෝටල් ඔවුන් හදති
මම මල් වවමි.,වවමි මල් මම
ඔයා ගස් සිටවනවද?,සිටවනවද? ගස් ඔයා
ඔහු සතුන්ට කෑම දෙයි.,ඔති සතුන්ට කෑම දෙයි
ඇය කුරුල්ලන්ට කෑම දෙයි.,කෑම කුරුල්ලන්ට ඇය දෙයි
අපි සත්තු වත්තට යමු.,අපි යමු වත්තට සත්තු
ඔවුන් කෞතුකාගාරයට යති.,කෞතුකාගාරයට ඔවුන් යති
මම මුහුදු වෙරළට යමි.,මම යමි වෙරළට මුහුදු
ඔයා කඳු නගිනවද?,ඔයා නගිනවද? කඳු
ඔහු ගඟේ නායි.,ඔහු නායි ගඟේ
ඇය වැව ළඟ ඉඳියි.,වැව ඇය ළඟ ඉඳියි
අපි වනාන්තරයේ ඇවිදින්නෙමු.,ඇවිදින්නෙමු වනාන්තරයේ අපි
ඔවුන් ගොවිපොළේ වැඩ කරති.,ඔවුන් කරති වැඩ ගොවිපොළේ
මම නගරයේ ජීවත් වෙමි.,ජීවත් නගරයේ මම වෙමි
ඔයා ගමේ ජීවත් වෙනවද?,ගමේ ඔයා ජීවත් වෙනවද?
ඔහු නගරයට යයි.,ඔමි නගරයට යයි
ඇය ගමට එයි.,ගමට ඇය එයි
අපි පන්සලට යමු.,පන්සලට අපි යමු
ඔවුන් පල්ලියට යති.,යති පල්ලියට ඔවුන්
මම පින්තූරයක් බලමි.,පින්තූරයක් මම බලමි
ඔයා වීඩියෝ එකක් බලනවද?,වීඩියෝ ඔයා එකක් බලනවද?
ඔහු රූපවාහිනිය බලයි.,ඔයි රූපවාහිනිය බලයි
ඇය ගුවන් විදුලියට සවන් දෙයි.,ඇය සවන් විදුලියට ගුවන් දෙයි
අපි සංගීත භාණ්ඩ වාදනය කරමු.,අපි වාදනය භාණ්ඩ සංගීත කරමු
ඔවුන් නාට්‍ය බලති.,නාට්\u200dය ඔවුන් බලති
මම කතාවක් ලියමි.,ලියමි කතාවක් මම
ඔයා කවි ලියනවද?,කවි ඔයා ලියනවද?
ඔහු නවකතාවක් ලියයි.,ඔමු නවකතාවක් ලියයි
ඇය ලිපියක් ලියයි.,ලිපියක් ඇය ලියයි
අපි වාර්තාවක් ලියමු.,ලියමු වාර්තාවක් අපි
ඔවුන් පුවත් ලියති.,පුවත් ඔවුන් ලියති
මම දුරකථනයෙන් කතා කරමි.,කරමි දුරකථනයෙන් කතා මම
ඔයා පරිගණකයක් පාවිච්චි කරනවද?,පාවිච්චි පරිගණකයක් ඔයා කරනවද?
ඔහු අන්තර්ජාලය පාවිච්චි කරයි.,පාවිච්චි අන්තර්ජාලය ඔහු කරයි
ඇය ඊමේල් යවයි.,යවයි ඊමේල් ඇය
අපි රැස්වීමකට යමු.,අපි යමු රැස්වීමකට
ඔවුන් සාකච්ඡාවක් පවත්වති.,ඔවුන් පවත්වති සාකච්ඡාවක්
මම ප්‍රශ්නයකට පිළිතුරු දෙමි.,මම දෙමි පිළිතුරු ප්\u200dරශ්නයකට
ඔයා උත්තරය දන්නවද?,ඔයා දන්නවද? උත්තරය
ඔහු ගණන් හදයි.,හදයි ගණන් ඔහු
ඇය විද්‍යාව ඉගෙනගනී.,විද්\u200dයාව ඇය ඉගෙනගනී
අපි ඉතිහාසය ඉගෙනගමු.,ඉගෙනගමු ඉතිහාසය අපි
ඔවුන් භූගෝල විද්‍යාව ඉගෙනගනිති.,භූගෝල ඔවුන් විද්\u200dයාව ඉගෙනගනිති
මම ඉංග්‍රීසි කතා කරමි.,මම කරමි කතා ඉංග්\u200dරීසි
ඔයා සිංහල කතා කරනවද?,ඔයා කතා සිංහල කරනවද?
ඔහු දෙමළ කතා කරයි.,ඔහි දෙමළ කතා කරයි
ඇය ප්‍රංශ කතා කරයි.,ප්\u200dරංශ ඇය කතා කරයි
අපි ජර්මන් කතා කරමු.,කතා ජර්මන් අපි කරමු
ඔවුන් චීන කතා කරති.,චීන ඔවුන් කතා කරති
මම ගමන් යමි.,ගමන් මම යමි
ඔයා සංචාරය කරනවද?,ඔයා කරනවද? සංචාරය
ඔහු විදේශගත වෙයි.,ඔහු වෙයි විදේශගත
ඇය රට වටා යයි.,යයි රට වටා ඇය
අපි ලෝකය වටා යමු.,යමු ලෝකය වටා අපි
ඔවුන් අභ්‍යවකාශයට යති.,අභ්\u200dයවකාශයට ඔවුන් යති
මම සිහිනයක් දකිමි.,මම දකිමි සිහිනයක්
ඔයා බියකරු සිහිනයක් දැක්කද?,බියකරු ඔයා සිහිනයක් දැක්කද?
ඔහු හොඳ සිහිනයක් දකිනු ඇත.,ඔහු හොඳ දකිනු සිහිනයක් ඇත
ඇය අතීතය ගැන සිතයි.,අතීතය ඇය ගැන සිතයි
අපි අනාගතය ගැන කතා කරමු.,අපි අනාගතය කරමු කතා ගැන
ඔවුන් වර්තමානය භුක්ති විඳිති.,ඔවුන් වර්තමානය විඳිති භුක්ති
මම සංගීතයට සවන් දෙමි.,සවන් සංගීතයට මම දෙමි
ඔයා ගීත ගායනා කරනවද?,ඔයා ගීත කරනවද? ගායනා
ඔහු නර්තනය කරයි.,ඔමු නර්තනය කරයි
ඇය චිත්‍ර අඳියි.,අඳියි චිත්\u200dර ඇය
අපි ක්‍රීඩා කරමු.,ක්\u200dරීඩා අපි කරමු
ඔවුන් සිනමා බලති.,සිනමා ඔවුන් බලති
මම පොත් කියවමි.,පොත් මම කියවමි
ඔයා පත්තර කියවනවද?,කියවනවද? පත්තර ඔයා
ඔහු සඟරා කියවනු ඇත.,ඔහු ඇත කියවනු සඟරා
ඇය කවි ලියයි.,ඇය ලියයි කවි
අපි කතා ලියමු.,අපි ලියමු කතා
ඔවුන් නවකතා ලියති.,ලියති නවකතා ඔවුන්
මම උදව් කරමි.,මම කරමි උදව්
ඔයා උදව් ඉල්ලනවද?,ඉල්ලනවද? උදව් ඔයා
ඔහු අනුන්ට උදව් කරයි.,කරයි අනුන්ට උදව් ඔහු
ඇය දුප්පතුන්ට උදව් කරයි.,කරයි දුප්පතුන්ට උදව් ඇය
අපි රටට උදව් කරමු.,අපි රටට කරමු උදව්
ඔවුන් ලෝකයට උදව් කරති.,ඔවුන් ලෝකයට කරති උදව්
මම ප්‍රේම කරමි.,ප්\u200dරේම මම කරමි
ඔයා ආදරය කරනවද?,ආදරය ඔයා කරනවද?
ඔහු ඇයට ආදරය කරයි.,ඔහු ආදරය ඇයට කරයි
ඇය ඔහුට ආදරය කරයි.,ඇය ඔහුට කරයි ආදරය
අපි එකිනෙකාට ආදරය කරමු.,අපි ආදරය එකිනෙකාට කරමු
ඔවුන් සතුන්ට ආදරය කරති.,ඔවුන් සතුන්ට කරති ආදරය
මම සතුටින් සිටිමි.,සිටිමි සතුටින් මම
ඔයා දුකින් සිටිනවද?,සිටිනවද? දුකින් ඔයා
ඔහු සෞඛ්‍ය සම්පන්නව සිටියි.,ඔයෙහි සෞඛ්\u200dය සම්පන්නව සිටියි
ඇය සාර්ථකව සිටියි.,ඇය සිටියි සාර්ථකව
අපි එකට සිටිමු.,එකට අපි සිටිමු
ඔවුන් සතුටින් ජීවත් වෙනවා.,වෙනවා සතුටින් ජීවත් ඔවුන්
මම ප්‍රශ්න අහනවා.,මම අහනවා ප්\u200dරශ්න
ඔයා පිළිතුරු දෙනවද?,පිළිතුරු ඔයා දෙනවද?
ඔහු පාඩම් කරනවා.,ඔහු කරනවා පාඩම්
ඇය විභාගයට ලෑස්ති වෙනවා.,ඇය වෙනවා ලෑස්ති විභාගයට
අපි වැඩ කරනවා.,අපි කරනවා වැඩ
ඔවුන් මුදල් උපයනවා.,මුදල් ඔවුන් උපයනවා
මම ගෙයක් හදනවා.,හදනවා ගෙයක් මම
ඔයා කාර් එකක් පදවනවද?,ඔයා පදවනවද? එකක් කාර්
ඔහු බයිසිකලයක් පදවනවා.,ඔමි බයිසිකලයක් පදවනවා
ඇය බස් එකක් පදවනවා.,ඇය පදවනවා එකක් බස්
අපි දුම්රියක් පදවනවා.,පදවනවා දුම්රියක් අපි
ඔවුන් ගුවන් යානයක් පදවනවා.,ඔවුන් යානයක් ගුවන් පදවනවා
මම සිංහල ඉගෙනගන්නවා.,මම ඉගෙනගන්නවා සිංහල
ඔයා ඉංග්‍රීසි ඉගෙනගන්නවද?,ඔයා ඉගෙනගන්නවද? ඉංග්\u200dරීසි
ඔහු දෙමළ ඉගෙනගන්නවා.,ඉගෙනගන්නවා දෙමළ ඔහු
ඇය ප්‍රංශ ඉගෙනගන්නවා.,ප්\u200dරංශ ඇය ඉගෙනගන්නවා
අපි ජපන් ඉගෙනගන්නවා.,අපි ඉගෙනගන්නවා ජපන්
ඔවුන් චීන ඉගෙනගන්නවා.,ඉගෙනගන්නවා චීන ඔවුන්
මම අලුත් දෙයක් ඉගෙනගන්නවා.,දෙයක් අලුත් මම ඉගෙනගන්නවා
ඔයා අභියෝගයකට මුහුණ දෙනවද?,දෙනවද? අභියෝගයකට මුහුණ ඔයා
ඔහු අනාගතය ගැන හිතනවා.,ඔහි අනාගතය ගැන හිතනවා
ඇය අතීතය සිහිපත් කරනවා.,ඇය අතීතය කරනවා සිහිපත්
